{"AAPL": 0.23139509492396668, "META": 0.2099853741237235, "MSFT": 0.1868007481453211, "TSLA": 0.2779983233743208}